IncidentId;UniqueId;Name;Location;Latitude;Longitude;AcresBurnedDisplay;PercentContainedDisplay;ExternalIncidentLink;CountiesList;UpdatedDate;StartedDate;AdminUnit;IncidentTypeDisplay;Url;IsActive;
2717;2347b6fb-8468-46bb-9917-d5cea3f1efdd;Erbes Fire;Erbes Road and Westland Place;34.20955;-118.83967;250;100%;;Ventura;2021-01-25 13:45:12;2021-01-14;Ventura County Fire Department;Wildfire;https://www.fire.ca.gov/incidents/2021/1/14/erbes-fire/;N;
2719;68c11904-f38b-4aa0-ab90-b3c805c4e8cd;Manzanita Fire;Manzanita Lake Drive and Road 222, North of North Fork;37.25086;-119.51982;23;100%;;Madera;2021-01-20 15:25:41;2021-01-19;CAL FIRE Madera Mariposa Merced Unit;Wildfire;https://www.fire.ca.gov/incidents/2021/1/19/manzanita-fire/;N;
2720;929a21bc-65a0-49b4-bc90-bfa5457987e4;Bonny Doone Complex (Previously Fanning Fire);Fanning Grade and Harmony Hill Road, East of Ben Lomond;37.08931;-122.10509;20;100%;;Santa Cruz;2021-01-21 18:38:20;2021-01-19;CAL FIRE San Mateo Santa Cruz Unit;Wildfire;https://www.fire.ca.gov/incidents/2021/1/19/bonny-doone-complex-previously-fanning-fire/;N;
2721;2657090b-ec47-4fbe-bc4e-400cd50a8d55;North Butano Fire;Off of Old Womans Creek Road , South of Loma Mar;37.18259;-122.28823;15;100%;;San Mateo;2021-01-21 18:33:54;2021-01-18;CAL FIRE San Mateo Santa Cruz Unit;Wildfire;https://www.fire.ca.gov/incidents/2021/1/18/north-butano-fire/;N;
2722;9b2b5a16-52cf-4f2e-bc8a-a3af75b28522;China Grade Fire;China Grade Road and Foxglove Lane, Northwest of Boulder Creek;37.17749;-122.1756;22;100%;;Santa Cruz;2021-02-18 14:11:18;2021-01-18;CAL FIRE San Mateo Santa Cruz Unit;;https://www.fire.ca.gov/incidents/2021/1/18/china-grade-fire/;N;
2776;75711186-5792-4c41-9309-48dbac8e667d;Wolf Fire;Hwy 166 along the Wind Wolves Preserve;34.99432;-119.185309;865;100%;;Kern;2022-10-12 08:15:55;2021-01-19;Kern County Fire Department;Wildfire;https://www.fire.ca.gov/incidents/2021/1/19/wolf-fire/;N;
2777;b38fdc2c-3108-4273-8a67-8d69bdbfb6bb;72 Fire;Ave 72 and Pierce St, south of Oasis;33.52871;-116.10723;43;100%;;Riverside;2021-01-25 13:47:05;2021-01-19;CAL FIRE/ Riverside County Fire Department;Wildfire;https://www.fire.ca.gov/incidents/2021/1/19/72-fire/;N;
2778;79aca6f4-ee40-44e8-9dff-069c36c36fc1;Towsley Fire;Towsley Canyon Road and I-5, South of Santa Clarita;34.3585229;-118.5553174;184;100%;;Los Angeles;2021-02-18 14:10:17;2021-01-19;Los Angeles County Fire Department;;https://www.fire.ca.gov/incidents/2021/1/19/towsley-fire/;N;
2779;7be84564-edf7-4724-99ba-5c1ee7f86e30;Panther Ridge Fire;Stapp Rd and Hwy 9, north of Boulder Creek;37.18381;-122.13372;20;100%;;Santa Cruz;2021-02-19 11:21:26;2021-01-19;CAL FIRE San Mateo-Santa Cruz Unit;Wildfire;https://www.fire.ca.gov/incidents/2021/1/19/panther-ridge-fire/;N;
2781;1ebddf4e-0190-4363-a858-ac789206b5fd;Freedom Fire;Freedom Boulevard and Hames Road, East of Aptos.;36.98767;-121.83627;37;100%;;Santa Cruz;2021-03-02 20:32:36;2021-01-19;CAL FIRE San Mateo  Santa Cruz Unit;Wildfire;https://www.fire.ca.gov/incidents/2021/1/19/freedom-fire/;N;
2782;21a360ea-3a4e-4267-986e-3bb1416ca05b;Grapevine Fire;Grapevine Canyon & West of Hwy 395, Northwest of Ridgecrest;35.5819816117628;-117.5910734433329;86;100%;;Kern;2021-03-24 10:03:09;2021-03-14;Bureau of Land Management;Wildfire;https://www.fire.ca.gov/incidents/2021/3/14/grapevine-fire/;N;
2783;762d7abb-ec4e-4e50-9137-617c8445b0d1;Refuge Fire;Lower Klamath Lake Rd and Dorris Brownell Rd;41.927772;-121.627082;873;100%;;Siskiyou;2022-10-12 08:16:36;2021-03-27;CAL FIRE/Siskiyou unit;Fire;https://www.fire.ca.gov/incidents/2021/3/27/refuge-fire/;N;
2784;0c3c5916-b391-4916-ad16-059c094da426;Line Fire;Shortline Rd and Hells Hollow Rd, East of Groveland;37.813464;-120.131236;23;100%;;Tuolumne;2021-03-31 19:09:07;2021-03-28;CAL FIRE Tuolumne-Calaveras Unit;Fire;https://www.fire.ca.gov/incidents/2021/3/28/line-fire/;N;
2785;da35c08b-9f0a-42b2-9e1f-b6e9a545d3fb;Woodman Fire;Oak Run Road and Snider Ranch Road, South West of Oak Run in Shasta County.;40.6758842;-122.0536419;35;100%;;Shasta;2021-04-01 21:19:22;2021-04-01;CAL FIRE Shasta-Trinity Unit;Wildfire;https://www.fire.ca.gov/incidents/2021/4/1/woodman-fire/;N;
2786;1f31ac02-436e-4555-b7d1-32b636c11c17;Westwood Fire;Westwood Street and Cottonwood Drive in Simi Valley;34.30277328465364;-118.70009500551254;25;100%;;Ventura;2021-04-05 17:25:05;2021-04-04;Ventura County Fire Department;Fire;https://www.fire.ca.gov/incidents/2021/4/4/westwood-fire/;N;
2789;02ba1be4-fecc-49a6-927d-8da38d215851;Paso Fire;Lookout Road and Hwy 79, North of Cuyamaca Rancho State Park;32.958961;-116.582369;28;100%;;San Diego;2021-04-13 18:48:26;2021-04-12;CAL FIRE San Diego Unit;Wildfire;https://www.fire.ca.gov/incidents/2021/4/12/paso-fire/;N;
2790;6a7cee19-fc90-4f87-a306-48ccd9cee200;Turnout Fire;Highway 253 and Boonville Rd;38.99914;-123.35838;200;100%;;Mendocino;2021-04-25 02:09:40;2021-04-18;CAL FIRE Mendocino Unit;Wildfire;https://www.fire.ca.gov/incidents/2021/4/18/turnout-fire/;N;
2791;81d9dc1d-9cff-4a22-a6c6-2a4f94cf30ed;River Fire;Garden Hwy  and Star Bend Road, South of Yuba City;38.9743823;-121.5896697;80;100%;;Sutter;2021-05-06 16:35:39;2021-04-19;Sutter County Fire Department;Wildfire;https://www.fire.ca.gov/incidents/2021/4/19/river-fire/;N;
2792;3093980c-b80f-4b7b-a040-d4fc868142ca;Wolves Fire;Dead end of Goldcrest St, south west of Bakersfield;34.9471195;-1191414610.0;50;100%;;Kern;2021-04-23 01:08:52;2021-04-23;Kern County Fire Department;Wildfire;https://www.fire.ca.gov/incidents/2021/4/23/wolves-fire/;N;
2793;92aa05b8-83d8-45ec-b079-86d7698086a5;Luis Fire;San Luis Reservoir near Santa Nella;37.0953436;-121.143154;93;100%;;Merced;2021-04-25 02:01:24;2021-04-24;CAL FIRE MMU;Fire;https://www.fire.ca.gov/incidents/2021/4/24/luis-fire/;N;
2794;4f4775e4-cd91-4f78-a1de-9c15213ebed2;North Fire;West Live Oak Rd and Biscailuz Rd , Castaic;34.449686;-118.616276;650;100%;;Los Angeles;2021-05-10 16:58:15;2021-04-28;Los Angeles County Fire Department;Wildfire;https://www.fire.ca.gov/incidents/2021/4/28/north-fire/;N;
2795;5f8ebcac-e1f0-4659-9f38-f3e862a3a440;Sky Fire;Morgan Valley Road and Sloan Ranch Road, Southeast of Clearlake;38.88437128468346;-122.51771555326388;65;100%;;Lake;2021-05-02 00:34:13;2021-04-29;CAL FIRE Sonoma-Lake Napa Unit;Wildfire;https://www.fire.ca.gov/incidents/2021/4/29/sky-fire/;N;
2812;4567cb5b-ef86-4630-81ef-f442fc07dc3e;Campo Fire;Buckboard Lane and Campo Seco Rd, Campo Seco, Valley Springs;38.223179;-120.856628;160;100%;;Calaveras;2021-05-04 01:29:32;2021-04-29;CAL FIRE Tuolumne-Calaveras Unit;Wildfire;https://www.fire.ca.gov/incidents/2021/4/29/campo-fire/;N;
2813;63892d1b-fd0d-4120-be74-242857e211ee;Salmon Fire;Salmon Falls Road at the American River, North East of El Dorado Hills in El Dorado County.;38.773294;-121.034998;32;100%;;El Dorado;2021-05-12 22:17:49;2021-05-01;CAL FIRE Amador-El Dorado Unit;Wildfire;https://www.fire.ca.gov/incidents/2021/5/1/salmon-fire/;N;
2814;89467f5f-2562-47dc-99b6-cb8ec90c3a12;Southern Fire;14000 Blk Great Southern Overland , Agua Caliente in San Diego County.;32.987532;-116.443391;5,366;100%;;San Diego;2022-10-12 08:43:33;2021-05-02;CAL FIRE San Diego;Wildfire;https://www.fire.ca.gov/incidents/2021/5/2/southern-fire/;N;
2815;fb63695d-fd59-47dd-9247-e5a7099b5fce;Creek Fire;Cahuilla Creek Motocross and Highway 371 in Anza;33.532246;-116.767011;32;100%;;Riverside;2021-05-06 15:47:51;2021-05-04;CAL FIRE Riverside Unit;Wildfire;https://www.fire.ca.gov/incidents/2021/5/4/creek-fire/;N;
2816;c3f573fc-ece2-4b19-a67e-069bf3fc0c16;Bridge Fire;Gilman Springs Road and Bridge Street;33.86972;-117.044072;226;100%;;Riverside;2021-05-06 13:56:57;2021-05-05;CAL FIRE/Riverside County Fire Department;Wildfire;https://www.fire.ca.gov/incidents/2021/5/5/bridge-fire/;N;
2817;25d0bdd9-c422-459a-bc12-d9cae4843518;Gunnison Fire;Munjar Road and Meridian Road;39.85479;-121.91936;550;100%;;Butte;2022-10-12 08:44:05;2021-05-08;CAL FIRE Butte County Unit;Wildfire;https://www.fire.ca.gov/incidents/2021/5/8/gunnison-fire/;N;
2818;baef627e-c3ba-4c3c-8a55-a168839aa2c8;Granite Fire;Milton Road and Rock Creek Road;38.03106;-120.85258;118;100%;;Calaveras;2021-05-11 22:24:27;2021-05-08;CAL FIRE Tuolumne-Calaveras Unit;Wildfire;https://www.fire.ca.gov/incidents/2021/5/8/granite-fire/;N;
2819;0b59568a-ab13-4acf-965a-18e9b18ae223;Dillard Fire;Fig Road;38.28328;-121.45965;44;100%;;Sacramento;2021-05-12 22:21:17;2021-05-08;Sacramento County Metro Fire Department;Wildfire;https://www.fire.ca.gov/incidents/2021/5/8/dillard-fire/;N;
2820;ee1dc476-97d4-4da9-a2ba-d3e9f5116309;Quail Fire;Quail Run Ave and Key Ct, northwest of Smartsville;39.2510745;-121.361339;35;100%;;Yuba;2021-05-12 21:53:44;2021-05-12;CAL FIRE Nevada-Yuba-Placer Unit;Wildfire;https://www.fire.ca.gov/incidents/2021/5/12/quail-fire/;N;
2821;3bd5d90f-8131-48a0-a02f-1677e5394ce1;Pine Fire;Hwy 138 and 248th St, Pinion Hills;34.454231;-117.663815;442;100%;;Los Angeles;2021-05-21 12:24:23;2021-05-12;Los Angeles County Fire Department;Wildfire;https://www.fire.ca.gov/incidents/2021/5/12/pine-fire/;N;
2822;5afc3e64-eb8a-4aad-9bb5-1f9a20f84bb0;Fields Fire;La Grange Rd and Fields Rd, Community of Snelling;37.560209;-120.419624;97;100%;;Merced;2021-05-15 19:03:07;2021-05-14;CAL FIRE Madera-Mariposa-Merced Unit;Wildfire;https://www.fire.ca.gov/incidents/2021/5/14/fields-fire/;N;
2823;0c1abd92-b131-40f4-bcf7-f6d1871af6a1;R-1 Fire;Cottonwood Mountains northeast Ravendale;40.971612;-120.094517;29;100%;;Lassen;2021-05-26 12:48:47;2021-05-14;BLM Northern Operations District;Wildfire;https://www.fire.ca.gov/incidents/2021/5/14/r-1-fire/;N;
2824;8c1bfb66-4002-498a-ae39-62b584718519;Palisades Fire;Palisades Court and Michael Lane, Topanga Canyon;34.079046;-118.558938;1,202;100%;;Los Angeles;2021-06-01 16:00:12;2021-05-14;Los Angeles County Fire Department;Wildfire;https://www.fire.ca.gov/incidents/2021/5/14/palisades-fire/;N;
2825;1882364c-9710-47ab-9871-349a76a60173;Davis Fire;Davis Road and Theodore Street, Southeast of Moreno Valley;33.8948;-117.1116;300;100%;;Riverside;2021-05-20 08:07:58;2021-05-18;CAL FIRE Riverside County Fire Department;;https://www.fire.ca.gov/incidents/2021/5/18/davis-fire/;N;
2826;e8b4ee36-20b5-4d20-93a4-831ef2e5c659;Parkside Fire;Highway 111 And Parkside Drive, Southeast of  Mecca;33.50994;-115.917099;17;100%;;Riverside;2021-05-21 10:26:30;2021-05-19;CAL FIRE Riverside/ Riverside County Fire Department;;https://www.fire.ca.gov/incidents/2021/5/19/parkside-fire/;N;
2827;aefbc94c-63b5-4767-aa12-a8bc8ed80d87;Settlers Fire;Settlers Trail, East of Latrobe;38.56101;-121.01365;45;100%;;El Dorado;2021-05-21 12:59:28;2021-05-19;CAL FIRE Amador El Dorado Unit;;https://www.fire.ca.gov/incidents/2021/5/19/settlers-fire/;N;
2828;a5bcf6ba-3e09-49f8-b4c4-1b134aa5c83f;WeeVill Fire;Hwy 138 and 210th Street W, 15 miles west of Lancaster;34.7591895;-118.5044868;300;100%;;Los Angeles;2021-05-24 13:35:57;2021-05-20;Los Angeles County Fire Department;Wildfire;https://www.fire.ca.gov/incidents/2021/5/20/weevill-fire/;N;
2829;8e8900a0-814f-425a-8b37-bd5098222959;Bluff Fire;Bluff Creek and Wright Place,  north of Weitchpec;41.23106;-123.66003;25;100%;;Humboldt;2021-06-07 08:27:30;2021-05-21;USFS Six Rivers National Forest;Wildfire;https://www.fire.ca.gov/incidents/2021/5/21/bluff-fire/;N;
2830;53d124c0-3cc9-436a-8c35-87a9019a3d24;Tomki Fire;Tomki Road and Appaloosa Way, North of Redwood Valley;39.384319;-123.23205;18;100%;;Mendocino;2021-05-24 18:47:48;2021-05-21;CAL FIRE Mendocino Unit;;https://www.fire.ca.gov/incidents/2021/5/21/tomki-fire/;N;
2831;9116b7e9-66c8-417b-a1f6-b9b078e240d6;Lake Fire;Santa Ana River Bottom near Lakeview Ave and Pedley Rd, Jurupa Valley;33.965596;-117.471517;115;100%;;Riverside;2021-05-27 07:04:31;2021-05-24;CAL FIRE/Riverside County Fire Department;Wildfire;https://www.fire.ca.gov/incidents/2021/5/24/lake-fire/;N;
2836;4f6bdd52-abdc-4c93-a48b-7d7adae05cfc;Live Oak Fire;Live Oak Rd and Yaqui Gulch Rd, West of Mormon Bar;37.45646;-120.00392;197;100%;;Mariposa;2021-05-31 18:51:36;2021-05-27;CAL FIRE Madera Mariposa Merced Unit;Wildfire;https://www.fire.ca.gov/incidents/2021/5/27/live-oak-fire/;N;
2841;cfdab623-d2b2-4d61-a227-be32ebb3fac4;Mile Fire;E. Sonora Road and 28 Mile Road, Northeast of Woodward Reservoir;37.89346196853137;-120.83915871172879;508;100%;;Stanislaus;2021-05-28 06:44:42;2021-05-27;CAL FIRE Tuolomne- Calaveras Unit;;https://www.fire.ca.gov/incidents/2021/5/27/mile-fire/;N;
2842;6cdd3c1b-2ef3-4a77-aef2-82ff170cd227;Sargents Fire;Wunpost Rd and Sargeant Canyon Rd, Northeast of Bradley;35.932852;-120.854096;1,118;100%;;Monterey;2022-10-12 08:21:01;2021-05-30;CAL FIRE San Benito-Monterey Unit;Wildfire;https://www.fire.ca.gov/incidents/2021/5/30/sargents-fire/;N;
2843;81777c5a-cf1d-4161-a261-97c55a8393c0;Slope Fire;Off Trimmer Springs Road and Sunnyslope Road in Fresno County.;36.86201725309289;-119.3484121800294;25;100%;;Fresno;2021-06-02 17:35:50;2021-05-31;Fresno-Kings County Fire;Wildfire;https://www.fire.ca.gov/incidents/2021/5/31/slope-fire/;N;
2844;033ee676-f2f0-4ea8-bbc9-b0bb02de3462;Smalley Fire;Road 222 and Tunoi Place , South of the town of North Fork in Madera County.;37.1619216;-119.5166045;45;100%;;Madera;2021-06-04 07:25:08;2021-05-31;Madera-Mariposa-Merced Unit;Wildfire;https://www.fire.ca.gov/incidents/2021/5/31/smalley-fire/;N;
2849;c8ae5d37-89ac-4d57-904e-720ef7012edc;Scott Fire;Winchester Road and Scott Road, South of Winchester;33.631955;-117.089849;28;100%;;Riverside;2021-06-01 20:19:22;2021-06-01;CAL FIRE Riverside/ Riverside County Fire Department;;https://www.fire.ca.gov/incidents/2021/6/1/scott-fire/;N;
2854;760bd55e-7296-44c7-a8ea-917e1751d811;Coyote Fire;Old Banning Idyllwild Road, south of Shirleon Drive;33.895007;-116.90145;43;100%;;Riverside;2021-06-04 17:11:51;2021-06-02;CAL FIRE/Riverside County Fire Department;Fire;https://www.fire.ca.gov/incidents/2021/6/2/coyote-fire/;N;
2855;1a1a9275-f16f-4a06-abe6-3ba18e5e9b33;Buck Fire;Rd 600 and Rd 612,  East of Raymond;37.24484944019164;-119.86047836209606;50;100%;;Madera;2021-06-08 18:33:01;2021-06-06;CAL FIRE/ Madera-Mariposa-Merced Unit;Wildfire;https://www.fire.ca.gov/incidents/2021/6/6/buck-fire/;N;
2856;63d1e4af-4112-4d67-8db0-4dec23b3674f;Intanko Fire;Intanko Lane and Kapaka Lane, Northeast of Wheatland;39.084872;-121.333346;939;100%;;Yuba;2022-10-12 08:44:33;2021-06-08;CAL FIRE Nevada-Yuba-Placer Unit;Wildfire;https://www.fire.ca.gov/incidents/2021/6/8/intanko-fire/;N;
2861;1eea5329-95c3-4a41-974f-7b3693441b1e;Farm Fire;Ranchero Road and Caliente Road, West of Hesperia;34.383247203440405;-117.41835464122235;250;100%;;San Bernardino;2021-06-14 17:04:24;2021-06-09;Unified Command: CAL FIRE San Bernardino Unit and San Bernardino County Fire Department;Wildfire;https://www.fire.ca.gov/incidents/2021/6/9/farm-fire/;N;
2870;b6391e06-889a-4d69-ba3e-8491af004029;Sierra Fire;Basilone Road and Stagecoach Road, West of Camp Pendleton North;33.315711565249096;-117.34832277422022;1,000;100%;;San Diego;2021-06-11 10:04:04;2021-06-09;Camp Pendleton;Wildfire;https://www.fire.ca.gov/incidents/2021/6/9/sierra-fire/;N;
2871;09996c3f-3186-4c5d-8006-ced791b3ff40;Creek Fire;Highway 16 and Road 41, North of Rumsey;38.899722;-122.238889;34;100%;;Yolo;2021-06-10 07:03:48;2021-06-09;CAL FIRE Sonoma-Lake-Napa;Wildfire;https://www.fire.ca.gov/incidents/2021/6/9/creek-fire/;N;
2872;ddcef5cf-9417-4c41-b64b-910e096522fc;Flats Fire;Pinyon Flats Transfer Station and Elks Trail Rd, near Mountain Center;33.5812044;-116.4518615;341;100%;;Riverside;2021-06-21 12:29:05;2021-06-13;San Bernardino National Forest;Wildfire;https://www.fire.ca.gov/incidents/2021/6/13/flats-fire/;N;
2873;0e78a6e0-9315-4b29-8a1c-894d4b06a64e;Goose Fire;Red Valley Road and Jackson Valley Road, Jackson Valley;38.3046414;-120.9608439;67;100%;;Amador;2021-06-15 07:27:32;2021-06-13;CAL FIRE Amador El Dorado Unit;Wildfire;https://www.fire.ca.gov/incidents/2021/6/13/goose-fire/;N;
2874;92fd111b-2d3a-48c8-bc43-d505eaceb423;Beale Fire;Hammonton Smartsville Rd and Henwood Ranch Rd east of Yuba City;39.1956433;-121.3587065;150;100%;;Yuba;2021-06-14 17:56:57;2021-06-13;CAL FIRE Nevada Yuba Placer Unit;Wildfire;https://www.fire.ca.gov/incidents/2021/6/13/beale-fire/;N;
2875;8d9ee304-6918-4f74-b7f1-ec8441020bf9;Silicon Fire;Silicon Valley Road and Basking Ridge, East San Jose;37.24042;-121.76309;35;100%;;Santa Clara;2021-06-14 18:36:58;2021-06-14;CAL FIRE Santa Clara Unit;Wildfire;https://www.fire.ca.gov/incidents/2021/6/14/silicon-fire/;N;
2896;08a000bd-2c35-4409-abe9-961da323bbe2;Kathryn Fire;Sage Road and Cactus Valley Road, South of Hemet;33.67127;-116.94956;15;100%;;Riverside;2021-06-17 12:36:48;2021-06-15;CAL FIRE / Riverside County Fire Department;Wildfire;https://www.fire.ca.gov/incidents/2021/6/15/kathryn-fire/;N;
2897;2b42f885-f296-4659-98e0-c33585215fa9;Rock Fire;Benson Dr and Rock Creek Rd, East of Whiskeytown;40.61468;-122.49164;108;100%;;Shasta;2021-06-20 12:47:07;2021-06-15;CAL FIRE Shasta Trinity Unit;Wildfire;https://www.fire.ca.gov/incidents/2021/6/15/rock-fire/;N;
2898;e86265b9-2ac9-471e-bff4-deb2f46b7b7d;Dairy Fire;East Canal Rd and Tyler Rd, northeast of Proberta;40.10806;-122.16025;165;100%;;Tehama;2021-06-28 09:27:26;2021-06-15;U.S. Fish and Wildlife Service;Wildfire;https://www.fire.ca.gov/incidents/2021/6/15/dairy-fire/;N;
2899;26ec9c89-912e-4c23-a6c9-04b5dcb31970;Equestrian Fire;Equestrian Way and Square Nail Trail, south of Pilot Hill;38.79988;-121.01273;10;100%;;El Dorado;2021-06-16 17:08:03;2021-06-16;CAL FIRE Amador-El Dorado Unit;Wildfire;https://www.fire.ca.gov/incidents/2021/6/16/equestrian-fire/;N;
2900;83e251e4-196f-4db5-b5ba-bed8e300380c;Pomo Fire;Pomo Road Cross and Hwy 20, Upper Lake;39.16338;-122.916;42;100%;;Lake;2021-09-14 07:19:04;2021-06-17;North Shore Fire Protection District;Wildfire;https://www.fire.ca.gov/incidents/2021/6/17/pomo-fire/;N;
2901;6672b6ad-981e-43e8-b4ad-a75285ab9f90;Park Fire;Upper Park Road and  Bidwell Park, northeast of Chico;39.77144;-121.76629;402;100%;;Butte;2021-06-19 19:24:26;2021-06-17;Unified Command: CAL FIRE/Butte Unit and City of Chico;Wildfire;https://www.fire.ca.gov/incidents/2021/6/17/park-fire/;N;
2902;2947b64d-5835-411b-a603-afcbaf8d53d8;Alabama Fire;Whitney Portal Road and Hogback Road, Northwest of Lone Pine;36.59717;-118.20355;560;100%;;Inyo;2022-10-12 10:14:56;2021-06-18;CAL FIRE San Bernardino Unit;Wildfire;https://www.fire.ca.gov/incidents/2021/6/18/alabama-fire/;N;
2903;587e51fd-ad97-4894-b53e-300a78e4dc80;Antelope Fire;Avenue 380 and Road 208, Northeast of Woodlake;36.47887;-119.10788;11;100%;;Tulare;2021-06-20 07:18:38;2021-06-18;CAL FIRE Tulare Unit;Wildfire;https://www.fire.ca.gov/incidents/2021/6/18/antelope-fire/;N;
2904;8e8e1a5e-0855-4751-8ad1-70730007657c;Success Fire;Success Valley Road and  Reservation Road, East of Porterville;36.03223;-118.85799;800;100%;;Tulare;2022-10-12 10:17:08;2021-06-18;CAL FIRE Tulare Unit;Wildfire;https://www.fire.ca.gov/incidents/2021/6/18/success-fire/;N;
2905;ecdd77c3-2919-44d8-9ee9-c176271b04d0;Nettle Fire;Indian Service Rd BIA 70 and Bond Creek , east of Porterville;36.03887;-118.76857;1,265;100%;;Tulare;2021-07-12 09:11:05;2021-06-18;Tule River Indian Reservation;Wildfire;https://www.fire.ca.gov/incidents/2021/6/18/nettle-fire/;N;
2906;961a9b24-0bad-4c53-9809-14fe98d515c4;Willow Fire;Willow Creek and Marble Peak Trail, Southeast of Big Sur;36.151231;-121.558858;2,877;100%;;Monterey;2021-07-12 08:24:18;2021-06-18;Los Padres National Forest;Wildfire;https://www.fire.ca.gov/incidents/2021/6/18/willow-fire/;N;
2907;f5d44748-ed74-4660-ab1a-b94f483ab5df;Crane Fire;Lebec Service Road and Crane Canyon Road, Northeast of Lebec;34.83498;-118.86258;48;100%;;Kern;2021-06-21 17:23:35;2021-06-18;Kern County Fire Department;;https://www.fire.ca.gov/incidents/2021/6/18/crane-fire/;N;
2908;8992a229-a245-431d-9a61-11f8d545d93b;Overland Fire;Canebrake Canyon Road  and Great Southern Overland Stage Route , East of Mount Laguna;32.903917;-116.233056;515;100%;;San Diego;2021-06-24 18:51:04;2021-06-19;CAL FIRE San Diego Unit;;https://www.fire.ca.gov/incidents/2021/6/19/overland-fire/;N;
2909;cfcf1a2b-e358-4dc0-ab39-93ebe94fc843;Bautista Fire;Hwy 371 and Bautista Road, West of Anza;33.551747;-116.707967;95;100%;;Riverside;2021-06-21 20:03:09;2021-06-19;CAL FIRE Riverside Unit;Fire;https://www.fire.ca.gov/incidents/2021/6/19/bautista-fire/;N;
2910;68b1630c-10e7-4d99-9c61-baa592f1dd83;Inyo Creek Fire;Whitney Portal Road, West of Lone Pine in Inyo County;36.6000177;-118.1420738;592;100%;;Inyo;2021-07-12 07:59:32;2021-06-19;null;;https://www.fire.ca.gov/incidents/2021/6/19/inyo-creek-fire/;N;
2911;37385589-19f2-43fd-96fb-6a5cd28c607c;Cow Fire;Highway 44 and South Cow Creek Rd,  southeast of Millville in Shasta County;40.53297;-122.12107;761;100%;;Shasta;2021-06-26 18:29:11;2021-06-20;CAL FIRE Shasta-Trinity Unit;Fire;https://www.fire.ca.gov/incidents/2021/6/20/cow-fire/;N;
2912;c9ccf962-449a-4fe8-a1ec-42672f023868;76 Fire;89000 Block of Avenue 76, Thermal Riverside County;33.499081;-116.1147496;20;100%;;Riverside;2021-06-22 09:08:43;2021-06-20;CAL FIRE Riverside County Fire;Fire;https://www.fire.ca.gov/incidents/2021/6/20/76-fire/;N;
2933;32ea3306-088d-4779-9009-2763c7f8a38c;Clevenger Fire;San Pasqual Valley Road and Bandy Canyon Road, San Pasqual in San Diego County.;33.09183;-116.9543;53;100%;;San Diego;2021-06-21 20:06:17;2021-06-20;null;Fire;https://www.fire.ca.gov/incidents/2021/6/20/clevenger-fire/;N;
2942;1702e4de-4414-4604-a70d-e0f54df154bd;Watt Fire;Watt Ave at PFE Rd, north of Sacramento;38.728881;-121.39247;42;100%;;Placer;2021-06-21 19:04:51;2021-06-21;Placer County Fire Department;Wildfire;https://www.fire.ca.gov/incidents/2021/6/21/watt-fire/;N;
2943;4c9c4b27-d45d-453d-82f9-39da5ccfe176;Antelope Fire;Antelope Reservoir, 10 miles northeast of Canby;41.583949;-120.729446;580;100%;;Modoc;2021-07-12 08:33:53;2021-06-22;Modoc National Forest;Fire;https://www.fire.ca.gov/incidents/2021/6/22/antelope-fire/;N;
2944;348304a5-5d65-46bb-a9f6-4e8ce6ca985b;Panoche Fire;Panoche Road and Moody Canyon, East of Panoche Valley;36.63228;-120.987172;145;100%;;San Benito;2021-06-24 18:43:22;2021-06-23;CAL FIRE San Benito - Monterey Unit;;https://www.fire.ca.gov/incidents/2021/6/23/panoche-fire/;N;
2945;691ca75a-6419-40ab-87d7-bbe92796307c;Pine Fire;Pine Meadow Place and Cloverdale Road, West of Anderson;40.475558;-122.481055;50;100%;;Shasta;2021-06-24 18:31:26;2021-06-23;CAL FIRE Shasta-Trinity Unit;;https://www.fire.ca.gov/incidents/2021/6/23/pine-fire/;N;
2946;9bacadf6-c7e2-43c9-b8e6-41be7a79579b;Mesa Fire;Hwy 76 and Cousier Canyon, Community of Pala;33.337282;-117.095858;350;100%;;San Diego;2021-06-27 16:51:52;2021-06-23;CAL FIRE San Diego Unit;Wildfire;https://www.fire.ca.gov/incidents/2021/6/23/mesa-fire/;N;
2947;e9761340-1808-42f6-b773-fb7047a2a638;4-3 Fire;Hwy 395 and Pencil Road, north of Alturas;41.562302;-120.497502;134;100%;;Modoc;2021-06-28 12:50:16;2021-06-24;CAL FIRE Lassen-Modoc Unit;Wildfire;https://www.fire.ca.gov/incidents/2021/6/24/4-3-fire/;N;
2948;909624c0-d36c-4b9a-8f34-a9e02961b883;Paseo Fire;Paseo Robles Ave and Paseo Vista Ave, East of Morgan Hill;37.118582;-121.584194;37;100%;;Santa Clara;2021-06-25 23:13:16;2021-06-25;CAL FIRE Santa Clara;Wildfire;https://www.fire.ca.gov/incidents/2021/6/25/paseo-fire/;N;
2949;b3136d0f-6ef3-46ea-9342-6d6b0d82d274;Steins Fire;Kingvale Rd and Wildcrest Rd;38.659971;-120.876096;11;100%;;El Dorado;2021-06-27 16:52:41;2021-06-26;CAL FIRE/ Amador-El Dorado Unit;Wildfire;https://www.fire.ca.gov/incidents/2021/6/26/steins-fire/;N;
2950;9d7c19c4-f146-4b3e-a4c3-5ea9c3247208;Lava Fire;Hotlum Rd and Lumm Rd;41.459;-122.329;26,409;100%;;Siskiyou;2021-09-03 07:04:31;2021-06-24;Shasta-Trinity National Forest;Wildfire;https://www.fire.ca.gov/incidents/2021/6/24/lava-fire/;N;
2951;eddffab0-51af-490d-b60e-640300fe6085;Canyon Fire;Hwy 178 and Rancheria Rd;35.442533;-118.793912;220;100%;;Kern;2021-06-28 07:08:25;2021-06-26;Lean Agency: Kern County Fire;Wildfire;https://www.fire.ca.gov/incidents/2021/6/26/canyon-fire/;N;
2952;62f7b39d-1213-47c2-8118-88eb98908af7;Shell Fire;Interstate 5 and Grapevine Rd;34.919;-118.891;1,984;100%;;Kern;2021-07-07 15:45:31;2021-06-27;Lead Agency: Kern County Fire;Wildfire;https://www.fire.ca.gov/incidents/2021/6/27/shell-fire/;N;
2953;9128e6fe-a114-479a-a43c-64ea56411eb5;Sky Fire;Philbrook Rd.;40.039;-121.406;76;100%;;Butte;2021-07-12 08:02:18;2021-06-27;Lassen National Forest;Wildfire;https://www.fire.ca.gov/incidents/2021/6/27/sky-fire/;N;
2954;4376d68e-4093-4d4c-aa6f-e0df6d50e9fb;Vulcan Fire;Friant Rd and Willow Rd;36.932;-119.735;140;100%;;Fresno;2021-06-29 15:35:31;2021-06-27;CAL FIRE/ Fresno-Kings Unit, Fresno City;Wildfire;https://www.fire.ca.gov/incidents/2021/6/27/vulcan-fire/;N;
2955;d6b89198-5fd8-498f-8429-3d2994f496f9;Peak Fire;Old Waterman Canyon Road and Highway 18, North of Waterman Canyon;34.20849;-117.280416;35;100%;;San Bernardino;2021-07-12 09:14:34;2021-06-28;San Bernardino National Forest;Wildfire;https://www.fire.ca.gov/incidents/2021/6/28/peak-fire/;N;
2956;2aaf4aba-1155-4f25-a5a6-fd6ee8d66f8c;Stowe Fire;California Avenue and Lyn Avenue;33.740058;-117.050236;122;100%;;Riverside;2021-06-29 07:35:01;2021-06-28;CAL FIRE/ Riverside County Fire Department;Wildfire;https://www.fire.ca.gov/incidents/2021/6/28/stowe-fire/;N;
2961;0794cd0a-12e3-4576-8692-45603ad6b246;Lilly Fire;Road 400 and Lilley Mountain Drive,  Southwest of the Community of Coarsegold;41.665191;-122.054254;35;100%;;Madera;2021-06-29 17:51:10;2021-06-28;CAL FIRE Madera - Mariposa - Merced Unit;;https://www.fire.ca.gov/incidents/2021/6/28/lilly-fire/;N;
2962;3a83c4bc-28cc-4792-849b-fedb5629e4bc;Tennant Fire;Tennant Road and Pengrass Road, South of Mount Hebron;41.665191;-122.054254;10,580;100%;;Siskiyou;2021-07-15 16:13:43;2021-06-28;Klamath National Forest;Wildfire;https://www.fire.ca.gov/incidents/2021/6/28/tennant-fire/;N;
2963;9692e02d-4a87-48b7-b261-f83f4a951642;Beswick Fire;Ager-Beswick Road and Desavado Road, North of Montague;41.917209;-122.374848;118;100%;;Siskiyou;2021-07-03 17:13:04;2021-06-28;CAL FIRE Siskiyou Unit;Wildfire;https://www.fire.ca.gov/incidents/2021/6/28/beswick-fire/;N;
2964;ac0c072d-d926-49f2-8a3d-c18ea5d32010;Blue Fire;Big Creek Road and Soaproot Saddle Road, South of Shaver;37.02865766813302;-119.25484409482164;277;100%;;Fresno;2021-07-12 08:05:31;2021-06-30;Sierra National Forest;Wildfire;https://www.fire.ca.gov/incidents/2021/6/30/blue-fire/;N;
2969;b07cd929-6dde-4ad9-b845-a2fdc5ba3f97;Salt Fire;Gilman Rd and Coal Creek Rd, north of Shasta Lake City;40.860525;-122.348956;12,660;100%;;Shasta;2021-07-20 08:46:22;2021-06-30;Shasta-Trinity National Forest;Wildfire;https://www.fire.ca.gov/incidents/2021/6/30/salt-fire/;N;
2971;187580ca-f6fc-4cbb-bf50-a0e5daa43626;R-1 Fire;Spanish Springs Peak, southeast of Ravendale in Lassen County.;40.74;-120.24;;100%;;Lassen;2022-01-18 12:55:14;2021-06-30;Bureau of Land Management - California;Wildfire;https://www.fire.ca.gov/incidents/2021/6/30/r-1-fire/;N;
2972;700200c7-a450-44f4-a447-244feb07925c;Sugar Fire;tate Highway 70 x Sugarloaf Peak, northeast of Beckworth;39.83203;-120.3415;;100%;;Plumas;2022-01-18 12:55:30;2021-07-02;Plumas National Forest & CAL FIRE Lassen-Modoc Unit;Fire;https://www.fire.ca.gov/incidents/2021/7/2/sugar-fire/;N;
2973;dd8d424d-e416-48a4-87e0-ddc26d4fdcb3;Ysabel Fire;Highway 79 and Mesa Grande Rd, near Santa Ysabel;33.119448;-116.677511;173;100%;;San Diego;2021-07-06 19:41:26;2021-07-03;CAL FIRE/San Diego County Fire;Fire;https://www.fire.ca.gov/incidents/2021/7/3/ysabel-fire/;N;
2974;421fd9f2-1fbb-4bec-bf19-3318fa4830dc;Main Fire;Drive 242 and Reid Ave, East of Porterville;36.10007;-119.017899;384;100%;;Tulare;2021-07-04 17:40:09;2021-07-03;CAL FIRE Tulare Unit;Wildfire;https://www.fire.ca.gov/incidents/2021/7/3/main-fire/;N;
2975;882f419d-ff9e-4533-b8da-a428ffcfec6e;Beckwourth Complex;northeast of Beckwourth;39.83203;-120.3415;105,670;100%;https://inciweb.nwcg.gov/incident/7601/;Plumas;2021-09-26 08:38:14;2021-07-04;Plumas National Forest;Wildfire;https://www.fire.ca.gov/incidents/2021/7/4/beckwourth-complex/;N;
2976;a7d2c14e-66e8-4ac6-9538-ad9612dce2d5;Tumbleweed Fire;Southbound I-5, south of Gorman;34.808751;-118.87933;868;100%;;Los Angeles;2021-07-12 13:23:09;2021-07-04;Los Angeles County Fire Department;Wildfire;https://www.fire.ca.gov/incidents/2021/7/4/tumbleweed-fire/;N;
2977;be285500-c0c4-4f7e-83ae-1f9a991578b1;Fish Fire;Trimmer Springs Rd and Fish Creek Fire Control Rd, Piedra;36.802809;-119.393795;75;100%;;Fresno;2021-07-05 17:15:57;2021-07-04;CAL FIRE Fresno-Kings Unit;Wildfire;https://www.fire.ca.gov/incidents/2021/7/4/fish-fire/;N;
2978;5eaaed19-b38a-49f1-84f8-78d9f8c76656;Juniper Fire;South Mountain Reservoir and South Mountain Spur, west of Goose Lake;41.80728;-120.638464;1,011;100%;;Modoc;2021-07-15 16:10:13;2021-07-05;Modoc National Forest;Wildfire;https://www.fire.ca.gov/incidents/2021/7/5/juniper-fire/;N;
2979;8c512c44-7ddb-44b4-bf03-bab00c0c0c98;Broiler Fire;Uva Drive and Finne Road, Southwest of Redwood Valley;39.253647;-123.224377;80;100%;;Mendocino;2021-07-09 08:21:01;2021-07-07;Redwood Valley FPD;Wildfire;https://www.fire.ca.gov/incidents/2021/7/7/broiler-fire/;N;
2980;82af1b59-858c-43c4-9f4f-842605e6c0c1;Basalt Fire;Basalt Road, near Basalt Campground;37.06047;-121.05758;92;100%;;Merced;2021-07-09 19:29:10;2021-07-09;CAL FIRE Madera-Mariposa-Merced Unit;Fire;https://www.fire.ca.gov/incidents/2021/7/9/basalt-fire/;N;
2985;3a4d4c77-ff87-458d-b906-e203fc098aa5;Coyote Fire;Highway 139 and Dead Horse Canyon, southeast of Tulelake;41.28523;-121.77593;110;100%;;Modoc;2021-07-22 11:40:19;2021-07-09;Modoc National Forest;Wildfire;https://www.fire.ca.gov/incidents/2021/7/9/coyote-fire/;N;
2986;f4c4de41-d8d4-4c66-9d9f-4f1ba285bf59;Road Fire;Japatul Valley Road and I-8 in San Diego County;32.82731;-116.6253;86;100%;;San Diego;2021-07-22 13:12:43;2021-07-10;Cleveland National Forest;Wildfire;https://www.fire.ca.gov/incidents/2021/7/10/road-fire/;N;
2987;215529d8-6c0a-4dfa-8d6f-342a5666e1f2;Diablo Fire;Vasco Road and Camino Diablo, south of Byron in Contra Costa County.;37.865193;-121.667665;128;100%;;Contra Costa;2021-07-11 16:22:34;2021-07-11;CAL FIRE Contra Costa-Alameda-Santa Clara unit;Wildfire;https://www.fire.ca.gov/incidents/2021/7/11/diablo-fire/;N;
2988;4fde57bd-089f-4c24-b224-b60306e1648d;Bear Fire;Interstate 5 and Bear Trap Road in Kern County.;34.85178;-118.81448;71;100%;;Kern;2021-08-18 14:05:04;2021-07-11;Kern County Fire;Wildfire;https://www.fire.ca.gov/incidents/2021/7/11/bear-fire/;N;
2989;2acb95c8-7a0b-4bfc-9174-6da944037bf2;River Fire;Oak Grove Road and Oak Grove School Road;37.350823;-119.869785;9,656;100%;;Mariposa;2021-07-19 18:40:14;2021-07-11;CAL FIRE Madera-Mariposa-Merced;Wildfire;https://www.fire.ca.gov/incidents/2021/7/11/river-fire/;N;
2990;a191b2bc-5dee-4511-b34b-ca06ef62b5ab;Bradley Fire;Highway 89 and Harris Spring Road, east of McCloud in Siskiyou County.;41.25272;-121.82403;357;100%;;Siskiyou;2021-07-15 15:59:44;2021-07-11;Shasta Trinity National Forest;Wildfire;https://www.fire.ca.gov/incidents/2021/7/11/bradley-fire/;N;
2991;4b66f232-6ab8-4e00-9f8b-957296920ed9;Dexter Fire;Wickie Up Rd and Pilot Springs Rd, northeast of Mammoth Lakes;37.8024;-118.8745;2,965;100%;;Mono;2021-07-30 09:44:02;2021-07-12;Inyo National Forest;Wildfire;https://www.fire.ca.gov/incidents/2021/7/12/dexter-fire/;N;
2992;00016d5d-1647-49e4-a02a-abf46b8480ae;Dixie Fire;Above the Cresta Dam, Feather River Canyon;39.871306;-121.389439;963,309;100%;https://inciweb.nwcg.gov/incident/7690/;Butte, Plumas, Shasta, Lassen, Tehama;2022-10-14 08:14:49;2021-07-13;Lassen National Forest and National Park Service;Wildfire;https://www.fire.ca.gov/incidents/2021/7/13/dixie-fire/;N;
2993;925dcb5b-1885-407d-b441-10765a31ce97;Cannon Fire;Vestal Road and Pope Drive, west of Red Bluff;40.1703;-122.64768;43;100%;;Tehama;2021-07-16 18:56:00;2021-07-14;CAL FIRE Tehama-Glen Unit;Wildfire;https://www.fire.ca.gov/incidents/2021/7/14/cannon-fire/;N;
2994;f62a9df9-8661-46de-88de-0b76128e0673;Dolicini Fire;Point Reyes-Petaluma Rd and Nicasio Valley Rd, northeast of Nicasio Reservoir;38.0975072;-122.7418335;35;100%;;Marin;2021-07-15 07:13:11;2021-07-14;Marin County Fire Department;Wildfire;https://www.fire.ca.gov/incidents/2021/7/14/dolicini-fire/;N;
2995;511f1793-96a5-4866-a993-1d271e03b076;Henry Fire;East of Lake Alpine, Carson-Iceberg Wilderness;38.4504695;-119.7512546;1,320;100%;;Alpine;2021-07-30 09:47:58;2021-06-25;Stanislaus National Forest;Wildfire;https://www.fire.ca.gov/incidents/2021/6/25/henry-fire/;N;
2996;354a2576-907f-43a2-b152-46355e2bf94a;Border 13 Fire;188 and Tecate Mission Rd, Potrero Canyon;32.578481;-116.634023;30;100%;;San Diego;2021-07-16 10:03:37;2021-07-15;CAL FIRE/San Diego County Fire;Wildfire;https://www.fire.ca.gov/incidents/2021/7/15/border-13-fire/;N;
2997;3a281cd5-4d2b-47a7-89b7-1194e921805a;Tamarack Fire;Pleasant Valley, Southwest of Markleeville;38.6280042;-119.8591887;68,637;100%;https://inciweb.nwcg.gov/incident/7674/;Alpine;2021-10-25 22:16:56;2021-07-04;Humboldt-Toiyabe National Forest;Wildfire;https://www.fire.ca.gov/incidents/2021/7/4/tamarack-fire/;N;
2998;396abb9e-a291-4183-b0f6-798a5438868c;Fork Fire;Lowery Rd and South Fork Dr;39.999396;-122.55195;43;100%;;Tehama;2021-07-20 15:37:00;2021-07-17;CAL FIRE Tehama-Glen Unit;Wildfire;https://www.fire.ca.gov/incidents/2021/7/17/fork-fire/;N;
2999;35d04cb5-0455-4d36-b857-d7952670aef0;Chicken Fire;Juniper Tree Road and Juniper Ridge Road, East of Termo;40.86955;-120.45187;55;100%;;Lassen;2021-07-22 09:10:11;2021-07-18;Bureau of Land Management Northern California District;Wildfire;https://www.fire.ca.gov/incidents/2021/7/18/chicken-fire/;N;
3000;3989e25c-3790-44d5-bf6d-50ca3fd04d95;Quail Fire;Gilman Springs Rd and Eden Hot Springs Rd, East of Moreno Valley;33.889516;-117.070814;50;100%;;Riverside;2021-07-21 15:55:48;2021-07-20;CAL FIRE/Riverside County Fire Department;Wildfire;https://www.fire.ca.gov/incidents/2021/7/20/quail-fire/;N;
3001;fc8bd27a-c3c8-405d-b13a-d9a1396206e3;Peak Fire;Walker Basin Road and Piute Mountain Road, South of Lake Isabella;35.41153;-118.46461;2,098;100%;;Kern;2021-08-17 11:55:25;2021-07-20;Bureau Land Management;Wildfire;https://www.fire.ca.gov/incidents/2021/7/20/peak-fire/;N;
3002;8f768137-0c58-45e5-a8dd-1df9ecc7870f;Frenchtown Fire;Frenchtown Dobbins Road and Seward Lane, west of Dobbins in Yuba County.;39.383922;-121.24684;45;100%;;Yuba;2021-07-22 07:22:14;2021-07-20;CAL FIRE Nevada-Yuba-Placer Unit;Wildfire;https://www.fire.ca.gov/incidents/2021/7/20/frenchtown-fire/;N;
3007;c8991faa-8d15-4d4c-b3a1-92f58f784420;Mountain Fire;Island Mountain Rd x Raff Creek Rd, southeast of Alderpoint;39.976;-123.505;25;100%;;Trinity;2021-07-24 16:56:31;2021-07-23;null;Fire;https://www.fire.ca.gov/incidents/2021/7/23/mountain-fire/;N;
3008;caf0f448-cdb3-4dc2-a247-35f6f4b41cb3;Park Fire;Balch Park Rd and Bear Creek Dr, northeast of Springville;36.199833;-118.722167;100;100%;;Tulare;2021-08-17 11:54:17;2021-07-26;Sequoia National Forest;Wildfire;https://www.fire.ca.gov/incidents/2021/7/26/park-fire/;N;
3009;200d07c4-0457-4421-875b-4140d482a03e;Pinnacles Fire;Hwy 146 Pinnacles West , East of Soledad;36.476664;-121.224797;171;100%;;Monterey;2021-09-12 10:36:17;2021-07-28;CAL FIRE San Benito-Monterey Unit ;Wildfire;https://www.fire.ca.gov/incidents/2021/7/28/pinnacles-fire/;N;
3010;ef12ac40-d6fb-4871-97ec-c06d0ce51efd;Evans Fire;Evans Peak and Cooks Creek, northeast of Greenville in Plumas County.;40.183504;-120.8468224;85;100%;;Plumas;2021-08-17 11:56:06;2021-07-29;Plumas National Forest;Wildfire;https://www.fire.ca.gov/incidents/2021/7/29/evans-fire/;N;
3015;d0174b70-8652-4242-bf7f-b00e98a48319;McFarland Fire;McFarland Ridge and Baker Flat, west of Platina;40.35;-123.034;122,653;100%;https://inciweb.nwcg.gov/incident/7746/;Shasta, Trinity, Tehama;2021-09-20 08:26:23;2021-07-30;Shasta-Trinity National Forest;Fire;https://www.fire.ca.gov/incidents/2021/7/30/mcfarland-fire/;N;
3016;47070a62-2ef3-44a9-8b98-a20e0e574f97;Robie Fire;Milton Road and Main Street, South of Valley Springs in Calaveras County.;38.054116;-120.867498;153;100%;;Calaveras;2021-08-17 21:04:40;2021-07-30;CAL FIRE Tuolumne-Calaveras;Wildfire;https://www.fire.ca.gov/incidents/2021/7/30/robie-fire/;N;
3022;161f6906-6799-45ae-b6ca-c1d470050d81;Hungry Fire;Quail Canyon Road and Goldhill Road, South of Frazer Park in Los Angeles County.;34.7479248;-118.8217926;340;100%;;Los Angeles;2021-08-06 15:46:55;2021-07-31;Ventura County Fire;Wildfire;https://www.fire.ca.gov/incidents/2021/7/31/hungry-fire/;N;
3023;f9322f4b-03e1-4558-a920-f7318909de93;Tobin Fire;Highway 46 East and Union Road, East of Paso Robles in San Luis Obispo County.;35.65927;-120.560856;75;100%;;San Luis Obispo;2021-07-31 22:39:47;2021-07-31;CAL FIRE San Luis Obispo;Wildfire;https://www.fire.ca.gov/incidents/2021/7/31/tobin-fire/;N;
3024;dc3380c7-ff32-4062-a4e8-be99b655f2c6;Antelope Fire;Antelope Creek and Forest Road 41N28, south of Tennant;41.5289901;-121.9154934;145,632;100%;https://inciweb.nwcg.gov/incident/7764/;Siskiyou;2022-10-14 08:05:09;2021-08-01;Klamath National Forest;Wildfire;https://www.fire.ca.gov/incidents/2021/8/1/antelope-fire/;N;
3025;61f3264e-f89f-42cc-820d-0e0a5ee29cdd;Hiding Fire;Dale Ln and Panther Rd, south of Cloverdale;40.466364;-122.482826;50;100%;;Shasta;2021-08-05 09:33:01;2021-08-01;CAL FIRE Shasta-Trinity Unit;Wildfire;https://www.fire.ca.gov/incidents/2021/8/1/hiding-fire/;N;
3026;1d1bb813-5955-438a-a2cd-0e2d46074f1a;Monument Fire;Del Loma, CA near Monument Peak;40.752;-123.337;223,124;100%;https://inciweb.nwcg.gov/incident/7750/;Trinity;2022-10-14 08:13:30;2021-07-30;Shasta Trinity National Forest;Wildfire;https://www.fire.ca.gov/incidents/2021/7/30/monument-fire/;N;
3027;9284625d-a9bd-447b-b215-a40fe4a52697;River Complex;Scott Salmon Ranger District, west of Callahan;41.389;-123.057;199,359;100%;https://inciweb.nwcg.gov/incident/7760/;Siskiyou, Trinity;2022-10-14 08:21:12;2021-07-30;Klamath National Forest;Wildfire;https://www.fire.ca.gov/incidents/2021/7/30/river-complex/;N;
3028;bd71d34c-3ce0-419d-a2fe-2ef46a750e06;Antonio Fire;Glendora Ridge Rd and Sunset Peak, west of Mt. Baldy;34.23604;-117.65989;50;100%;;Los Angeles;2021-08-17 11:50:56;2021-08-03;Angeles National Forest;Wildfire;https://www.fire.ca.gov/incidents/2021/8/3/antonio-fire/;N;
3029;1704f47a-b2bc-43fc-8c49-e62ffaf6021e;House Fire;Highway 299 and Tollhouse Road, West of Redding;40.604986;-122.506112;60;100%;;Shasta;2021-08-10 20:50:09;2021-08-04;CAL FIRE Shasta Trinity Unit;Wildfire;https://www.fire.ca.gov/incidents/2021/8/4/house-fire/;N;
3030;178aba5f-4c67-4830-891d-b8fec84706da;River Fire;Milk Ranch Road and Bear River Campground Road, north of Applegate;39.08805;-121.01468;2,619;100%;;Nevada, Placer;2022-10-12 10:17:50;2021-08-04;CAL FIRE Nevada-Yuba-Placer Unit;Wildfire;https://www.fire.ca.gov/incidents/2021/8/4/river-fire/;N;
3031;2ea37798-e198-4f1c-92c6-81c42beff3de;Hambone Fire;Lave Spur and Hambone Island;41.68499;-121.53946;55;100%;;Siskiyou;2021-08-18 14:50:08;2021-08-06;Shasta-Trinity National Forest;Wildfire;https://www.fire.ca.gov/incidents/2021/8/6/hambone-fire/;N;
3032;0249ff45-1a71-4a4f-88a7-6c1fc7a9aa20;Nelson Fire;Nelson Creek Rd and Summit Lake Rd;41.034362;-121.89008;20;100%;;Shasta;2021-08-13 08:44:56;2021-08-07;CAL FIRE/ Shasta-Trinity Unit;Wildfire;https://www.fire.ca.gov/incidents/2021/8/7/nelson-fire/;N;
3042;a26becf4-249f-451e-b8a3-e55032e6df61;Glen Fire;Willow Glen Rd and Meadow Ln , northwest of Dobbins;39.403918;-121.30845;184;100%;;Yuba;2021-08-21 07:56:16;2021-08-11;CAL FIRE Nevada-Yuba-Placer Unit;Wildfire;https://www.fire.ca.gov/incidents/2021/8/11/glen-fire/;N;
3043;262f815e-e1b4-42d8-8889-6bb4638703e4;Middle Fire;Middle Two Rock Road and Succetti Road, west of Petaluma in Sonoma County.;38.250596;-122.727542;22;100%;;Sonoma;2021-08-13 20:53:36;2021-08-13;CAL FIRE Sonoma Lake Napa Unit;Wildfire;https://www.fire.ca.gov/incidents/2021/8/13/middle-fire/;N;
3044;e8842a17-4f53-4803-9350-838ec34e66e9;Coyote Fire;State Highway 29 and Spruce Grove Road, Hidden Valley Lake in Lake County;38.826123;-122.581257;127;100%;;Lake;2021-08-15 21:47:04;2021-08-13;CAL FIRE Sonoma-Lake-Napa Unit;Wildfire;https://www.fire.ca.gov/incidents/2021/8/13/coyote-fire/;N;
3045;3657f103-fe9f-4bfc-a09e-9aa291301266;Bell Fire;Bell Springs Road and Foster Creek Road, east of Leggett;39.834099;-123.637032;50;100%;;Mendocino;2021-08-19 19:48:26;2021-08-14;CAL FIRE Mendocino Unit;Wildfire;https://www.fire.ca.gov/incidents/2021/8/14/bell-fire/;N;
3046;a21c4d1f-87ed-4db1-85ea-eae41c90a0ac;Caldor Fire;East of Omo Ranch, South of the community of Grizzly Flats;38.586;-120.537833;221,835;100%;https://inciweb.nwcg.gov/incident/7801/;El Dorado, Amador, Alpine;2022-10-14 08:11:46;2021-08-14;El Dorado National Forest;Wildfire;https://www.fire.ca.gov/incidents/2021/8/14/caldor-fire/;N;
3047;2eae3252-74cd-4e96-b25a-20ed828395e2;Walkers Fire;North of Alpine Creek, northeast of Springville;36.268;-118.555;8,777;100%;https://inciweb.nwcg.gov/incident/7807/;Tulare;2021-09-20 08:41:18;2021-08-16;Sequoia National Forest;Wildfire;https://www.fire.ca.gov/incidents/2021/8/16/walkers-fire/;N;
3048;8e3e3fe1-669f-4cf8-80ee-c8df14929a22;Cache Fire;Dam Rd and Wilkinson Ave, Clearlake;38.928133;-122.601395;83;100%;https://twitter.com/lakecountyoes?lang=en;Lake;2021-09-16 08:29:26;2021-08-18;Lake County Fire Protection District;Wildfire;https://www.fire.ca.gov/incidents/2021/8/18/cache-fire/;N;
3049;87b59fb2-01f9-4469-8578-87c55b090eac;McCash Fire;Ten Bear Mtn McCash Creek;41.564;-123.404;94,962;100%;https://inciweb.nwcg.gov/incident/7757/;Siskiyou;2021-11-02 11:43:46;2021-08-18;Six Rivers National Forest;Fire;https://www.fire.ca.gov/incidents/2021/8/18/mccash-fire/;N;
3050;11804a96-faa3-4671-b420-6591e4e95f49;French Fire;Sawmill Rd and NF-25S02, 5 west of Lake Isabella;35.674926;-118.501515;;;https://inciweb.nwcg.gov/incident/7813/;Kern;2021-11-12 12:02:39;2021-08-18;Kern County Fire;Wildfire;https://www.fire.ca.gov/incidents/2021/8/18/french-fire/;N;
3051;46498648-eff1-492f-b88f-1826ecd224a6;Rock Fire;Gulley View Rd and Rock Canyon Rd, Anza;33.474823;-116.659688;295;100%;;Riverside;2021-08-27 19:35:23;2021-08-24;CAL FIRE/Riverside County Fire Department;Wildfire;https://www.fire.ca.gov/incidents/2021/8/24/rock-fire/;N;
3052;f19d2b70-1d83-4abc-a173-7b00584e1c49;Mule Fire;Placer Rd & Muletown Rd, southwest of Redding;40.616416;-122.514391;10;100%;;Shasta;2021-08-25 20:05:04;2021-08-25;CAL FIRE Shasta-Trinity Unit;Wildfire;https://www.fire.ca.gov/incidents/2021/8/25/mule-fire/;N;
3053;7b6a10b8-58fb-4906-ad11-dc88fe5b7872;Airola Fire;Parrotts Ferry Rd and Airola Rd, west of Columbia;38.038795;-120.454797;639;100%;;Calaveras;2021-09-04 07:12:08;2021-08-25;CAL FIRE Tuolumne-Calaveras Unit;Wildfire;https://www.fire.ca.gov/incidents/2021/8/25/airola-fire/;N;
3054;4cfd11fa-b33f-4de6-8d17-bbaa27b2c9cb;South Fire;North of Glen Helen, east of Sierra Ave. and Lytle Creek Rd. west of the 15 Fwy.;34.186147;-117.440263;680;100%;;San Bernardino;2022-10-12 08:45:17;2021-08-25;San Bernardino National Forest;Wildfire;https://www.fire.ca.gov/incidents/2021/8/25/south-fire/;N;
3055;8cfa988a-cf5d-418c-8d4d-e0be072e397c;Westward Fire;South San Gorgonio Ave and 4th street, Banning;33.918089;-116.877776;160;100%;;Riverside;2021-08-28 09:51:08;2021-08-25;CAL FIRE Riverside Unit;Wildfire;https://www.fire.ca.gov/incidents/2021/8/25/westward-fire/;N;
3056;69c42b3f-a4ec-47d2-a856-e4f8bc71c6cc;Bennett Fire;East Bennett Rd and Lava Rock Ave, Grass Valley;39.216752;-121.040771;59;100%;;Nevada;2021-08-28 20:00:54;2021-08-25;Unified Command: CAL FIRE Nevada-Yuba-Placer Unit, Nevada County Consolidated Fire District and Grass Valley Fire Department;Wildfire;https://www.fire.ca.gov/incidents/2021/8/25/bennett-fire/;N;
3057;726eeb97-b91c-4555-a180-be16e599466f;Washington Fire;Golf Links Road and Highway 108, West of Sonora;37.962933;-120.402221;100;100%;;Tuolumne;2021-09-03 08:03:02;2021-08-26;Unified Command: CAL FIRE Tuolumne-Calaveras Unit & City of Sonora;Wildfire;https://www.fire.ca.gov/incidents/2021/8/26/washington-fire/;N;
3059;9f0d7a3b-ae47-42a5-b360-ea2f4141cad4;Roadside Fire;Cajon Pass near Keenbrook Road and Cajon Blvd.;34.25145;-117.4546;50;100%;;San Bernardino;2021-09-02 20:02:23;2021-08-28;San Bernardino National Forest & San Bernardino County Fire;Wildfire;https://www.fire.ca.gov/incidents/2021/8/28/roadside-fire/;N;
3061;64a7c61a-5634-410a-a1c4-aeb97b2283e0;Chaparral Fire;Cleveland Forest Road and Tenaja Road southwest of Murrieta in San Diego County.;33.484721;-117.39309;1,427;100%;https://inciweb.nwcg.gov/incident/7828/;Riverside, San Diego;2021-09-14 07:16:02;2021-08-28;Cleveland National Forest;Wildfire;https://www.fire.ca.gov/incidents/2021/8/28/chaparral-fire/;N;
3102;cd7d799d-cc81-4ffb-9d55-4e2b18b92d34;Railroad Fire;Cajon Pass near NB I-15 and Baldy Mesa;34.34;-117.466;61;100%;https://inciweb.nwcg.gov/incident/7824/;San Bernardino;2021-09-08 08:06:31;2021-08-29;San Bernardino National Forest;Fire;https://www.fire.ca.gov/incidents/2021/8/29/railroad-fire/;N;
3103;d7b908db-7184-4f9e-923f-f811688cf4eb;Knob Fire;Friday Spur Rd & China Creek, south of Willow Creek;40.8652;-123.6744;2,421;100%;https://inciweb.nwcg.gov/incident/7827/;Humboldt;2021-09-14 07:04:35;2021-08-29;Six Rivers National Forest;Wildfire;https://www.fire.ca.gov/incidents/2021/8/29/knob-fire/;N;
3104;af05ba27-9105-4776-83a8-8ea786117476;K-Rail;Tish Tang Ridge, southeast of Hoopa;41.03877;-123.52733;16;100%;https://twitter.com/SixRiversNF?ref_src=twsrc%5Egoogle%7Ctwcamp%5Eserp%7Ctwgr%5Eauthor;Humboldt;2021-09-08 16:25:10;2021-08-30;Six Rivers National Forest & Hoopa BIA;Wildfire;https://www.fire.ca.gov/incidents/2021/8/30/k-rail/;N;
3105;254e4d5c-a750-41e0-bea3-9eb4597b0a13;Lassen Fire;Mt. Lassen Drive and Idylberry Road near Lucas Valley in Marin County.;38.0591827;-122.6131992;44;100%;;Marin;2021-09-03 18:50:47;2021-09-01;Lead Agency: Marin County Fire;Wildfire;https://www.fire.ca.gov/incidents/2021/9/1/lassen-fire/;N;
3106;5ddee2f6-f32b-4664-a416-5cf4996290a5;Lawrence Fire;Lawrence Road between Tyler Road and Cedar Creek Road, North of Fiddletown ;38.529123;-120.731748;46;100%;;Amador;2021-09-07 08:39:10;2021-09-05;CAL FIRE Amador-El Dorado Unit;Wildfire;https://www.fire.ca.gov/incidents/2021/9/5/lawrence-fire/;N;
3107;ff71cd3b-2261-4248-92fa-f24733cfdcfe;Bridge Fire;Under the Foresthill bridge in Auburn;38.921239;-121.036613;411;100%;;Placer;2021-09-14 18:21:02;2021-09-05;Unified Command: CALFIRE Nevada-Placer Unit, Placer County Sheriff, California State Parks;Wildfire;https://www.fire.ca.gov/incidents/2021/9/5/bridge-fire/;N;
3108;257ee7b8-fe14-45ac-ba58-4fae7003f6de;Aruba Fire;Southeast of the community of Rainbow;33.380079;-117.111157;54;100%;;San Diego;2021-10-20 08:52:18;2021-09-05;Unified Command: Cal Fire San Diego County and North County Fire Authority;Wildfire;https://www.fire.ca.gov/incidents/2021/9/5/aruba-fire/;N;
3109;6a36efca-0cb1-465f-be4d-06b3e3b528c1;Caballo Fire;Caballo Ln and Avenida Caballo, northeast of Los Olivos ;34.6776;-120.09009;70;100%;;Santa Barbara;2021-09-08 16:25:36;2021-09-06;Lead Agency: Santa Barbara County Fire;Wildfire;https://www.fire.ca.gov/incidents/2021/9/6/caballo-fire/;N;
3114;d3668f70-4e85-4962-8e8a-a0b8f1465500;Route Fire;Golden State Hwy and Templin Hwy, north of Templin Hwy ;34.569383;-118.688821;464;100%;https://inciweb.nwcg.gov/incident/7840/;Los Angeles;2021-09-20 08:42:47;2021-09-11;USFS - Angeles National Forest;Wildfire;https://www.fire.ca.gov/incidents/2021/9/11/route-fire/;N;
3123;b7a4e6df-7cef-4920-a585-031324b404f4;Hopkins Fire;Hopkins St and North State St. near Calpella in Mendocino County. ;39.232362;-123.202039;257;100%;;Mendocino;2021-09-20 17:10:09;2021-09-12;CAL FIRE Mendocino Unit ;Wildfire;https://www.fire.ca.gov/incidents/2021/9/12/hopkins-fire/;N;
3128;cb9d8266-3c5e-4c42-97a8-fdf0fa69a6b1;Windy Fire;South of Windy Creek, Red Hill Indian Reservation;36.058;-118.625;;;https://inciweb.nwcg.gov/incident/7841/;Tulare;2021-11-12 12:02:15;2021-09-09;Sequoia National Forest / Tule River Indian Reservation;Wildfire;https://www.fire.ca.gov/incidents/2021/9/9/windy-fire/;N;
3129;48dcd1c3-e791-49d8-9435-1b358027b318;KNP Complex;Sequoia National Park;36.567;-118.811;;;https://inciweb.nwcg.gov/incident/7838/;Tulare;2022-01-05 11:08:36;2021-09-10;Sequoia & Kings Canyon National Parks;Wildfire;https://www.fire.ca.gov/incidents/2021/9/10/knp-complex/;N;
3130;3d2add8f-fc17-42d2-8cdc-884d40c0912c;Emigrant Fire;North Bound I-5 & Vista Del Lago Rd, Pyramid Lake ;34.665169;-118.760816;;;https://inciweb.nwcg.gov/incident/7848/;Los Angeles;2021-10-07 08:15:18;2021-09-17;Angeles National Forest ;Wildfire;https://www.fire.ca.gov/incidents/2021/9/17/emigrant-fire/;N;
3135;f4be7c50-4b42-4534-90c7-82c52e4fa3cb;Childrens Fire;Childrens Blvd and Rio Mesa Blvd ;36.89365;-119.792528;42;100%;;Madera;2021-09-19 18:53:27;2021-09-19;CAL FIRE Madera-Mariposa-Merced Unit;Wildfire;https://www.fire.ca.gov/incidents/2021/9/19/childrens-fire/;N;
3140;e208c4a4-1477-4bfd-9fcd-c2d10271e617;University Fire;I-215 and University Pkwy, San Bernardino;34.164501;-117.333215;71;100%;;San Bernardino;2021-09-23 19:20:54;2021-09-22;San Bernardino City Fire;Wildfire;https://www.fire.ca.gov/incidents/2021/9/22/university-fire/;N;
3141;460ab87e-07e7-4931-8390-bd3fe60677b2;Fremont Fire;Fremont Drive and Napa Road, Sonoma;38.269863;-122.416983;116;100%;;Napa, Sonoma;2021-09-23 07:09:47;2021-09-22;CAL FIRE Sonoma-Lake-Napa Unit;Wildfire;https://www.fire.ca.gov/incidents/2021/9/22/fremont-fire/;N;
3142;1052ac46-526c-4ca1-a75c-7e91920ee6cb;Fawn Fire;Fawndale Rd and Radcliff Rd, 5 miles northeast of Shasta Lake;40.729811;-122.320243;8,578;100%;;Shasta;2021-10-02 19:08:38;2021-09-22;CAL FIRE Shasta-Trinity Unit;Wildfire;https://www.fire.ca.gov/incidents/2021/9/22/fawn-fire/;N;
3143;ffb98e82-9a8a-44fe-9d91-45ce3db74ef5;Maxwell Fire;Maxwell Creek Rd and Clems Flat, west of Douglas City ;40.649917;-123.02375;80;100%;;Trinity;2021-10-11 18:35:42;2021-10-05;CAL FIRE Shasta-Trinity Unit;Wildfire;https://www.fire.ca.gov/incidents/2021/10/5/maxwell-fire/;N;
3144;66eaca2a-9aa7-41cf-a850-88f963cbf723;View Fire ;View Dr and Digger Pine Rd, Southwest of Cottonwood;40.287225;-122.436754;24;100%;;Tehama;2021-10-12 18:16:20;2021-10-11;CAL FIRE Tehama-Glen Unit;Wildfire;https://www.fire.ca.gov/incidents/2021/10/11/view-fire/;N;
3145;23a7e559-d8b9-4333-bddc-ccf7cb2e7b3e;Kettle Fire;Highway 41 between Interstate 5 and Hwy 33, Southwest of Kettleman City. ;35.983649;-119.960099;447;100%;;Kings;2021-10-12 07:46:37;2021-10-11;Unified Command CAL FIRE and Kings County Fire;Wildfire;https://www.fire.ca.gov/incidents/2021/10/11/kettle-fire/;N;
3146;8622a38c-551f-4ef0-9b25-0d0280ace921;Newell Fire;Newell Drive and Silver Oak Trail. ;38.170366;-122.241128;132;100%;;Napa;2021-10-12 18:16:40;2021-10-11;CAL FIRE Sonoma Lake Napa Unit;Wildfire;https://www.fire.ca.gov/incidents/2021/10/11/newell-fire/;N;
3159;de52a8d2-2c0e-4481-8d6c-9e4b7c2b9428;Alisal Fire;Northwest of Refugio Canyon near Hwy 101 along the Gaviota Coast;34.553;-120.136;16,970;100%;https://inciweb.nwcg.gov/incident/7862/;Santa Barbara;2021-12-03 08:34:52;2021-10-11;Unified Command Santa Barbara County Fire and Los Padres National Forest;Wildfire;https://www.fire.ca.gov/incidents/2021/10/11/alisal-fire/;N;
3162;16f4a871-6b4e-493c-ada9-cff37913e521;Canal Fire ;Canal View Rd and Paskenta Rd,  northwest of Corning;39.986836;-122.277441;59;100%;;Trinity;2021-10-21 11:04:05;2021-10-14;CAL FIRE - Tehama-Glenn Unit;Wildfire;https://www.fire.ca.gov/incidents/2021/10/14/canal-fire/;N;
3171;55df2f9c-3232-4643-970b-0286a1039507;Gravel Fire;Highway 395 and Goose Lake, 27 Miles north of Alturas;41.862388;-120.358206;200;100%;;Modoc;2021-10-17 08:52:22;2021-10-15;USFS - Modoc National Forest;Wildfire;https://www.fire.ca.gov/incidents/2021/10/15/gravel-fire/;N;
3180;5f34e7bc-b627-4baf-9e6e-ded2eec3c77a;Estrada Fire;Hazel Dell Road and Hidden Canyon.  Northwest of Watsonville;37.013464;-121.752106;148;100%;;Santa Cruz;2021-10-20 18:31:21;2021-10-15;CZU;Wildfire;https://www.fire.ca.gov/incidents/2021/10/15/estrada-fire/;N;
3181;8e7dcc1b-718b-4388-9e20-bef4b9b94385;Hollow Fire;West Corral Hollow Rd and Site 300, 6 miles southwest of Tracy;37.62879;-121.52692;150;100%;;San Joaquin;2021-10-24 16:38:17;2021-10-24;null;Wildfire;https://www.fire.ca.gov/incidents/2021/10/24/hollow-fire/;N;
3210;24117f47-d8e6-4f62-8077-d5bb6742eb9c;Arlanza Fire;Mitchell Ave and Valley Dr. ;33.952633;-117.487947;24;100%;;Riverside;2022-01-18 12:52:20;2021-11-21;null;Fire;https://www.fire.ca.gov/incidents/2021/11/21/arlanza-fire/;N;